{
	"info": {
		"_postman_id": "6e5675c6-a6ac-42f3-84b3-c10eaa2c12bc",
		"name": "A-Ticket API - Database",
		"schema": "https://schema.getpostman.com/json/collection/v2.1.0/collection.json",
		"_exporter_id": "41710356"
	},
	"item": [
		{
			"name": "Create Task - Success",
			"request": {
				"method": "GET",
				"header": []
			},
			"response": []
		},
		{
			"name": "Create Bug - Success",
			"request": {
				"method": "GET",
				"header": []
			},
			"response": []
		},
		{
			"name": "Get Ticket - Success",
			"request": {
				"method": "GET",
				"header": []
			},
			"response": []
		},
		{
			"name": "Get All Tickets - Success",
			"request": {
				"method": "GET",
				"header": []
			},
			"response": []
		},
		{
			"name": "Delete Ticket - Success",
			"request": {
				"method": "GET",
				"header": []
			},
			"response": []
		},
		{
			"name": "Get Ticket - Error Not Found",
			"request": {
				"method": "GET",
				"header": []
			},
			"response": []
		},
		{
			"name": "Complete Multiple Tickets - Success",
			"request": {
				"method": "GET",
				"header": []
			},
			"response": []
		},
		{
			"name": "Get All Tickets - After Completion",
			"request": {
				"method": "GET",
				"header": []
			},
			"response": []
		},
		{
			"name": "Complete Tickets - Error Not Found",
			"request": {
				"method": "GET",
				"header": []
			},
			"response": []
		}
	]
}